{
    "0": {
        "precision": 0.8916201117318435,
        "recall": 0.7710144927536232,
        "f1-score": 0.8269430051813471,
        "support": 1035.0
    },
    "1": {
        "precision": 0.5389105058365758,
        "recall": 0.7406417112299465,
        "f1-score": 0.6238738738738738,
        "support": 374.0
    },
    "accuracy": 0.7629524485450674,
    "macro avg": {
        "precision": 0.7152653087842097,
        "recall": 0.7558281019917849,
        "f1-score": 0.7254084395276105,
        "support": 1409.0
    },
    "weighted avg": {
        "precision": 0.7979981155609209,
        "recall": 0.7629524485450674,
        "f1-score": 0.7730410498165529,
        "support": 1409.0
    }
}