{
    "0": {
        "precision": 0.9130952380952381,
        "recall": 0.7410628019323672,
        "f1-score": 0.8181333333333334,
        "support": 1035.0
    },
    "1": {
        "precision": 0.5289982425307557,
        "recall": 0.8048128342245989,
        "f1-score": 0.6383881230116649,
        "support": 374.0
    },
    "accuracy": 0.7579843860894251,
    "macro avg": {
        "precision": 0.7210467403129969,
        "recall": 0.772937818078483,
        "f1-score": 0.7282607281724991,
        "support": 1409.0
    },
    "weighted avg": {
        "precision": 0.8111418837012591,
        "recall": 0.7579843860894251,
        "f1-score": 0.7704223974495122,
        "support": 1409.0
    }
}