Model,Threshold Type,Threshold,Accuracy,Precision,Recall,F1-score,ROC-AUC,Specificity,False Positive Rate,False Negative Rate,TN,FP,FN,TP
CatBoost,Default,0.5,0.7579843860894251,0.5289982425307557,0.8048128342245989,0.6383881230116649,0.8576610090676586,0.7410628019323672,0.2589371980676328,0.19518716577540107,767,268,73,301
CatBoost,Optimized,0.5,0.7579843860894251,0.5289982425307557,0.8048128342245989,0.6383881230116649,0.8576610090676586,0.7410628019323672,0.2589371980676328,0.19518716577540107,767,268,73,301
