{
    "0": {
        "precision": 0.910360884749709,
        "recall": 0.7555555555555555,
        "f1-score": 0.8257655755015839,
        "support": 1035.0
    },
    "1": {
        "precision": 0.54,
        "recall": 0.7941176470588235,
        "f1-score": 0.6428571428571429,
        "support": 374.0
    },
    "accuracy": 0.765791341376863,
    "macro avg": {
        "precision": 0.7251804423748545,
        "recall": 0.7748366013071895,
        "f1-score": 0.7343113591793634,
        "support": 1409.0
    },
    "weighted avg": {
        "precision": 0.8120535952561737,
        "recall": 0.765791341376863,
        "f1-score": 0.777215005019667,
        "support": 1409.0
    }
}