{
    "0": {
        "precision": 0.8249128919860628,
        "recall": 0.914975845410628,
        "f1-score": 0.8676133760879523,
        "support": 1035.0
    },
    "1": {
        "precision": 0.6628352490421456,
        "recall": 0.4625668449197861,
        "f1-score": 0.5448818897637795,
        "support": 374.0
    },
    "accuracy": 0.794889992902768,
    "macro avg": {
        "precision": 0.7438740705141043,
        "recall": 0.6887713451652071,
        "f1-score": 0.7062476329258659,
        "support": 1409.0
    },
    "weighted avg": {
        "precision": 0.7818915729931423,
        "recall": 0.794889992902768,
        "f1-score": 0.7819486664461917,
        "support": 1409.0
    }
}