{
    "0": {
        "precision": 0.90625,
        "recall": 0.7565217391304347,
        "f1-score": 0.8246445497630331,
        "support": 1035.0
    },
    "1": {
        "precision": 0.5376146788990825,
        "recall": 0.7834224598930482,
        "f1-score": 0.6376496191512514,
        "support": 374.0
    },
    "accuracy": 0.7636621717530163,
    "macro avg": {
        "precision": 0.7219323394495413,
        "recall": 0.7699720995117414,
        "f1-score": 0.7311470844571423,
        "support": 1409.0
    },
    "weighted avg": {
        "precision": 0.808400738047024,
        "recall": 0.7636621717530163,
        "f1-score": 0.7750092736460662,
        "support": 1409.0
    }
}