Final Model,Dataset Version,Decision Threshold,Accuracy,Precision,Recall,F1-score,ROC-AUC
CatBoost,v3_encoded_unscaled,0.5,0.7579843860894251,0.5289982425307557,0.8048128342245989,0.6383881230116649,0.8576610090676586
