{
    "0": {
        "precision": 0.9024390243902439,
        "recall": 0.7864734299516908,
        "f1-score": 0.8404749612803304,
        "support": 1035.0
    },
    "1": {
        "precision": 0.5641025641025641,
        "recall": 0.7647058823529411,
        "f1-score": 0.6492622020431328,
        "support": 374.0
    },
    "accuracy": 0.7806955287437899,
    "macro avg": {
        "precision": 0.7332707942464041,
        "recall": 0.7755896561523159,
        "f1-score": 0.7448685816617315,
        "support": 1409.0
    },
    "weighted avg": {
        "precision": 0.8126321853926624,
        "recall": 0.7806955287437899,
        "f1-score": 0.7897201195807478,
        "support": 1409.0
    }
}