,Tenure Months,Tenure Months,Tenure Months,Tenure Months,Tenure Months,Monthly Charges,Monthly Charges,Monthly Charges,Monthly Charges,Monthly Charges,CLTV,CLTV,CLTV,CLTV,CLTV,Churn Score,Churn Score,Churn Score,Churn Score,Churn Score
,mean,median,std,min,max,mean,median,std,min,max,mean,median,std,min,max,mean,median,std,min,max
Churn Value,,,,,,,,,,,,,,,,,,,,
0,37.56996521066873,38.0,24.11377669070408,0,72,61.26512369540008,64.42500000000001,31.092648119345313,18.25,118.75,4490.921337456513,4620.0,1167.7031975568293,2003,6500,50.09818322381136,50.0,17.702276739545294,5,80
1,17.979133226324237,10.0,19.53112305451955,1,72,74.44133226324237,79.65,24.666053259397422,18.85,118.35,4149.414660246121,4238.0,1189.3707074238441,2003,6484,82.51043338683787,82.0,10.328570138580572,65,100
